{
  "hash": "18885830",
  "configHash": "95ed2627",
  "lockfileHash": "2c372b58",
  "browserHash": "14e68aa2",
  "optimized": {
    "@angular/common/http": {
      "src": "../../../../../node_modules/@angular/common/fesm2022/http.mjs",
      "file": "@angular_common_http.js",
      "fileHash": "3fb0cb59",
      "needsInterop": false
    },
    "@angular/core": {
      "src": "../../../../../node_modules/@angular/core/fesm2022/core.mjs",
      "file": "@angular_core.js",
      "fileHash": "656d8255",
      "needsInterop": false
    },
    "@angular/forms": {
      "src": "../../../../../node_modules/@angular/forms/fesm2022/forms.mjs",
      "file": "@angular_forms.js",
      "fileHash": "ab155afa",
      "needsInterop": false
    },
    "@angular/platform-browser": {
      "src": "../../../../../node_modules/@angular/platform-browser/fesm2022/platform-browser.mjs",
      "file": "@angular_platform-browser.js",
      "fileHash": "4a3975ad",
      "needsInterop": false
    },
    "@angular/router": {
      "src": "../../../../../node_modules/@angular/router/fesm2022/router.mjs",
      "file": "@angular_router.js",
      "fileHash": "3cf83ddd",
      "needsInterop": false
    }
  },
  "chunks": {
    "chunk-GEY4N7JI": {
      "file": "chunk-GEY4N7JI.js"
    },
    "chunk-K2UY3OFV": {
      "file": "chunk-K2UY3OFV.js"
    },
    "chunk-ZOXZ6IDK": {
      "file": "chunk-ZOXZ6IDK.js"
    },
    "chunk-IIXUBVVP": {
      "file": "chunk-IIXUBVVP.js"
    }
  }
}