{
  "hash": "f721f56a",
  "configHash": "89f67eb1",
  "lockfileHash": "2c372b58",
  "browserHash": "28a18e5b",
  "optimized": {
    "@angular/common/http": {
      "src": "../../../../../node_modules/@angular/common/fesm2022/http.mjs",
      "file": "@angular_common_http.js",
      "fileHash": "4bf76d45",
      "needsInterop": false
    },
    "@angular/core": {
      "src": "../../../../../node_modules/@angular/core/fesm2022/core.mjs",
      "file": "@angular_core.js",
      "fileHash": "6d54d623",
      "needsInterop": false
    },
    "@angular/forms": {
      "src": "../../../../../node_modules/@angular/forms/fesm2022/forms.mjs",
      "file": "@angular_forms.js",
      "fileHash": "2c0d38fa",
      "needsInterop": false
    },
    "@angular/platform-browser": {
      "src": "../../../../../node_modules/@angular/platform-browser/fesm2022/platform-browser.mjs",
      "file": "@angular_platform-browser.js",
      "fileHash": "a550d830",
      "needsInterop": false
    },
    "@angular/router": {
      "src": "../../../../../node_modules/@angular/router/fesm2022/router.mjs",
      "file": "@angular_router.js",
      "fileHash": "790411a0",
      "needsInterop": false
    }
  },
  "chunks": {
    "chunk-GEY4N7JI": {
      "file": "chunk-GEY4N7JI.js"
    },
    "chunk-K2UY3OFV": {
      "file": "chunk-K2UY3OFV.js"
    },
    "chunk-ZOXZ6IDK": {
      "file": "chunk-ZOXZ6IDK.js"
    },
    "chunk-IIXUBVVP": {
      "file": "chunk-IIXUBVVP.js"
    }
  }
}